prompt,surface,observed_at,signed_out_verified,uk_location_verified,model,first_sentence,named_action_recommendation,evidence_path,status
SD-WAN providers,Google UK AI Overview,,,,,,,,not_collected
SD-WAN providers,Google AI Mode,,,,,,,,not_collected
SD-WAN vendors,Google UK AI Overview,,,,,,,,not_collected
SD-WAN vendors,Google AI Mode,,,,,,,,not_collected
SD-WAN comparison,Google UK AI Overview,,,,,,,,not_collected
SD-WAN comparison,Google AI Mode,,,,,,,,not_collected
SASE providers,Google UK AI Overview,,,,,,,,not_collected
SASE providers,Google AI Mode,,,,,,,,not_collected
SASE vendors,Google UK AI Overview,,,,,,,,not_collected
SASE vendors,Google AI Mode,,,,,,,,not_collected
SASE comparison,Google UK AI Overview,,,,,,,,not_collected
SASE comparison,Google AI Mode,,,,,,,,not_collected
How can a UK business with 10 sites get comparable SD-WAN and SASE proposals from several providers without approaching each supplier individually?,Google UK AI Overview,,,,,,,,not_collected
How can a UK business with 10 sites get comparable SD-WAN and SASE proposals from several providers without approaching each supplier individually?,Google AI Mode,,,,,,,,not_collected
Which websites or tools help a UK business shortlist SD-WAN and SASE providers and get quotes?,Google UK AI Overview,,,,,,,,not_collected
Which websites or tools help a UK business shortlist SD-WAN and SASE providers and get quotes?,Google AI Mode,,,,,,,,not_collected
SD-WAN for healthcare,Google UK AI Overview,,,,,,,,not_collected
SD-WAN for healthcare,Google AI Mode,,,,,,,,not_collected
SD-WAN for manufacturing,Google UK AI Overview,,,,,,,,not_collected
SD-WAN for manufacturing,Google AI Mode,,,,,,,,not_collected
