row,provider,row_id,sector,reviewed_at,disposition,note,source_urls,primary_validation_complete,supplier_suitability_confirmed,release_signoff
1,cisco,sector_evidence:a7cd8c7830e97888e2dc4c8a,Government/public sector,2026-09-30,adjacent_service,ThousandEyes customer and FedRAMP product documents do not establish a named Secure Access/SD-WAN deployment for this row.,https://cisco.com/c/en/us/products/collateral/security/secure-access/secure-access-government-aag.html | https://cisco.com/c/en/us/products/collateral/security/secure-access/secure-access-government-ds.html | https://thousandeyes.com/blog/assurance-modern-federal-it-fedramp-moderate,False,False,pending
2,cisco,sector_evidence:6033a8fc44d01c5a05465b29,Hospitality,2026-09-30,verified_named,Previously checked Mitchells and Butlers: hospitality SASE and Meraki SD-WAN; not general UK commercial fit.,https://cisco.com/site/us/en/solutions/secure-access-service-edge-sase/index.html,True,False,pending
3,cisco,sector_evidence:4300f42a0eef4f6ef5f80e97,Manufacturing,2026-09-30,verified_named,Previously checked Peco Foods: US manufacturing SASE customer; no UK delivery inference.,https://cisco.com/site/us/en/solutions/secure-access-service-edge-sase/index.html | https://cisco.com/site/us/en/products/security/secure-access/index.html | https://umbrella.cisco.com/umbrella-to-secure-access-migration | https://umbrella.cisco.com/ | https://pecofoods.com/,True,False,pending
4,cisco,sector_evidence:99171fce78a74e9a488839b5,Professional services,2026-09-30,verified_named,Recovered Cisco George Sink PDF: Secure Connect deployed in a law firm; SD-WAN expansion described as a next step.,https://cisco.com/site/us/en/solutions/secure-access-service-edge-sase/index.html | https://www.cisco.com/c/en/us/products/collateral/plus-as-a-service/george-sink-law-customer-cs.pdf,True,False,pending
5,ntt-data,sector_evidence:9adef5efc810da2a3d509142,Beverage / consumer goods manufacturing,2026-09-30,adjacent_service,"Recovered Frucor Suntory case describes Cisco DNA, wired and wireless campus networking. Do not upgrade SD-WAN/SASE sector evidence from it.",https://services.global.ntt/en-us/about-us/case-studies/frucor-suntory,True,False,pending
6,ntt-data,sector_evidence:bb162b52674ea9e63feebd4b,Retail,2026-09-30,verified_named,"Recovered NTT Pick n Pay case: Fortinet managed SD-WAN across retail stores; South Africa, not proof of UK delivery.",https://services.global.ntt/en-us/campaigns/infrastructure-services,True,False,pending
7,ntt-data,sector_evidence:62185451efcc32c200083c08,Utilities / critical infrastructure (water),2026-09-30,adjacent_service,"CILE reference describes water meters, sensors and LoRaWAN. It is not a documented SD-WAN/SASE deployment.",https://services.global.ntt/en-us/services-and-products/infrastructure-solutions/secure-networking-solutions,True,False,pending
8,barracuda-secureedge,sector_evidence:a6cc93c6c01aae155d11af60,"Managed service providers (as a channel, not an end-user sector)",2026-09-30,outside_taxonomy,"An MSP partner award is channel evidence, not an end-buyer sector deployment. Linked article now redirects to a stocks index.",https://markets.financialcontent.com/bostonherald/article/bizwire-2024-9-3-compassmsp-awarded-barracuda-discover24-2024-msp-partner-of-the-year,False,False,pending
9,checkpoint,sector_evidence:9f33314204210e6949c5fc8a,Professional services,2026-09-30,insufficient_source,Generic review product page and non-sector review cannot substantiate professional-services deployment; linked review page not retrievable.,https://gartner.com/reviews/product/Check-point-harmony-sase,False,False,pending
10,hpe-aruba-edgeconnect,sector_evidence:1b73d0087e4a51156a1be72e,Education,2026-09-30,adjacent_service,Named campus/library references and a generic case index do not identify deployed SD-WAN or SSE. Retain unresolved for this product scope.,https://arubanetworks.com/resources/case-studies,False,False,pending
11,hpe-aruba-edgeconnect,sector_evidence:ea8b8b6eccfaa5e0ba4db181,Financial services,2026-09-30,verified_named,Recovered HPE First Bank case documents EdgeConnect SD-WAN at a US bank; no UK regulatory suitability inference.,https://hpe.com/us/en/networking/sase.html | https://www.hpe.com/psnow/doc/a50014000enw,True,False,pending
12,hpe-aruba-edgeconnect,sector_evidence:8dbe2ecc16624b7c7d10652e,Healthcare/NHS,2026-09-30,verified_named,HPE EdgeConnect page explicitly identifies Universal Health Services using SD-WAN for telehealth. USANA reseller story is not evidence of healthcare delivery.,https://hpe.com/us/en/networking/sase.html | https://hpe.com/tw/en/aruba-edgeconnect-sd-wan.html | https://consiliant.com/usana-hpe-aruba-networking-sase-case-study/ | https://www.hpe.com/uk/en/aruba-edgeconnect-sd-wan.html.html,True,False,pending
13,hpe-aruba-edgeconnect,sector_evidence:52fde6e9802e6c69391d3663,Hospitality,2026-09-30,insufficient_source,Unnamed hotel reference linked only to a non-retrievable case index; no attributable product-specific case established.,https://arubanetworks.com/resources/case-studies,False,False,pending
14,hpe-aruba-edgeconnect,sector_evidence:335f94f24860594bd09ada06,Manufacturing,2026-09-30,insufficient_source,IMMI uptime claim linked only to generic case index; cannot substantiate SD-WAN from the linked record.,https://arubanetworks.com/resources/case-studies,False,False,pending
15,hpe-aruba-edgeconnect,sector_evidence:edd6869ce0f2ffcce3c33649,Professional services,2026-09-30,verified_named,HPE EdgeConnect page identifies Cushman and Wakefield application acceleration and MPLS replacement; professional-services sector evidence.,https://arubanetworks.com/resources/case-studies | https://hpe.com/psnow/doc/a00108908enw | https://www.hpe.com/uk/en/aruba-edgeconnect-sd-wan.html.html,True,False,pending
16,versa-networks,sector_evidence:3ecbfee37048244531c326ce,Energy/utilities,2026-09-30,verified_named,Versa case index expressly identifies Lambton Area Water Supply Systems deploying SASE for remote offices and cloud data. Canadian utility case only.,https://versa-networks.com/customers/case-studies/ | https://versa-networks.com/,True,False,pending
17,versa-networks,sector_evidence:2288899376bd4d382439d91a,Manufacturing,2026-09-30,verified_anonymous,"Versa identifies an anonymous Global-200 pharmaceutical manufacturer using Secure SD-WAN. Retain anonymous evidence, not a named reference.",https://versa-networks.com/customers/case-studies/,True,False,pending
18,versa-networks,sector_evidence:a304d006733a4158bf9ad961,Retail,2026-09-30,verified_anonymous,Versa documents an unnamed retailer with over 600 stores using Secure SD-WAN. Do not describe this as named customer proof.,https://versa-networks.com/customers/case-studies/ | https://aitranslatewpml.versa-networks.com/customers/case-studies/ | https://versa-networks.com/lp/sase-cost-savings/,True,False,pending
19,sonicwall-cse,sector_evidence:d57e0da874a42452e5c9fc71,Insurance / insurance technology,2026-09-30,insufficient_source,"Lemonade claim links to G2 product reviews, not attributable primary deployment evidence; no upgrade.",https://g2.com/products/sonicwall-cloud-secure-edge/reviews,False,False,pending
20,sonicwall-cse,sector_evidence:b97eb87fea8b8d7153cbd8a2,Legal services / professional services,2026-09-30,verified_partner_case,SonicWall-issued PRNewswire announcement describes XimpleIT deploying Cloud Secure Edge ZTNA for law firms. Named delivery partner; client firms unnamed.,https://prnewswire.com/news-releases/sonicwall-partner-ximpleit-deploys-cloud-secure-edge-to-deliver-zero-trust-security-to-legal-industry-clients-302790435.html,True,False,pending
21,expereo,sector_evidence:f909a3e7bbb6082af73deb9c,Manufacturing / industrial (building materials),2026-09-30,verified_named,Recovered Expereo Kingspan Insulation release explicitly documents SD-WAN and underlay at 90 facilities including factories.,https://www.expereo.com/resources/press-releases/kingspan-insulation-chooses-expereo-to-unify-connectivity-and-accelerate-growth-across-90-global-sites,True,False,pending
22,expereo,sector_evidence:2554f195b8e1c0c1c00be965,"Manufacturing / industrial (building materials, second division)",2026-09-30,insufficient_source,"Kingspan Light Air Water is named in the recovered Insulation release, but that alone does not establish the detailed 100-site SD-WAN claim.",https://www.expereo.com/resources/press-releases/kingspan-insulation-chooses-expereo-to-unify-connectivity-and-accelerate-growth-across-90-global-sites,False,False,pending
23,verizon,sector_evidence:631a1e8edf42b5c7ff9a6610,Federal government / public sector,2026-09-30,adjacent_service,"Verizon federal-agency page is secure cloud video collaboration for 20,000 users. The linked case is not SD-WAN/SASE evidence.",https://verizon.com/business/resources/customer-success-stories/federal-agency/,True,False,pending
24,verizon,sector_evidence:c51084b44fc79b49306bcaa0,Healthcare,2026-09-30,insufficient_source,Business-security answers page is general marketing. It does not identify the claimed healthcare deployment.,https://verizon.com/business/answers/business-security-products/,False,False,pending
25,verizon,sector_evidence:430ea5f256d6af5f9c853360,Manufacturing,2026-09-30,verified_anonymous,"Verizon manufacturing case explicitly describes SD-WAN design, rollout and traffic segmentation; manufacturer is unnamed.",https://verizon.com/business/resources/articles/s/three-sd-wan-use-cases-for-enterprises/ | https://verizon.com/business/resources/customer-success-stories/manufacturing-giant/,True,False,pending
26,colt,sector_evidence:f130eab9a33356c3d52ca7b9,Financial services,2026-09-30,insufficient_source,Gartner managed-network review cannot independently establish the named sector/product claim; linked review unavailable.,https://gartner.com/reviews/market/managed-network-services/vendor/colt/product/colt-managed-network-services,False,False,pending
27,colt,sector_evidence:590decdb81e1449987eb77d1,Multinational / European enterprise (general),2026-09-30,outside_taxonomy,General enterprise is not one of the ten buyer sectors. A general managed-network review is not sector-specific proof.,https://gartner.com/reviews/market/managed-network-services/vendor/colt/product/colt-managed-network-services,False,False,pending
28,ericsson-cradlepoint,sector_evidence:2cfaa92eb47902b35f590e0b,Manufacturing,2026-09-30,adjacent_service,JBT technographic NetCloud Manager listing is not a primary SD-WAN/SASE customer case.,https://appsruntheworld.com/customers-database/products/view/cradlepoint-netcloud-manager,False,False,pending
29,ericsson-cradlepoint,sector_evidence:49a4fe8cf815c662a831ae2c,Public safety and government,2026-09-30,adjacent_service,Public safety router/reseller material and FedRAMP product authorisation do not prove the claimed NetCloud SASE deployment.,https://cradlepoint.com/about/trust/fedramp/ | https://rcntechnologies.com/2026-cradlepoint-buyers-guide/ | https://rcntechnologies.com/pnk/,False,False,pending
30,ericsson-cradlepoint,sector_evidence:a1108525dc93dacfebd72c32,Retail / hospitality,2026-09-30,adjacent_service,Fuzzys Tacos/Evereve technographic customer listings do not establish a primary SASE case or resolve combined retail/hospitality scope.,https://appsruntheworld.com/customers-database/products/view/cradlepoint-netcloud-manager,False,False,pending
31,ericsson-cradlepoint,sector_evidence:67d44c107ead048f6c5178d3,Transportation and logistics,2026-09-30,insufficient_source,General served-industry and product pages are not a transport customer case.,https://rcntechnologies.com/2026-cradlepoint-buyers-guide/ | https://cradlepoint.com/products/netcloud-sase/,False,False,pending
32,ericsson-cradlepoint,sector_evidence:15145279c7d6d9a3c1bbe25c,Utilities,2026-09-30,adjacent_service,Roanoke NetCloud Manager technographic listing does not identify a primary SD-WAN/SASE deployment.,https://appsruntheworld.com/customers-database/products/view/cradlepoint-netcloud-manager,False,False,pending
33,juniper,sector_evidence:5b57195b181ce5c5b802a45e,Agriculture,2026-09-30,adjacent_service,Koppert concerns wired/wireless networking and the cited URL now redirects to HPE general customer index. Agriculture is also outside the ten-sector taxonomy.,https://juniper.net/us/en/customers/koppert-case-study.html,False,False,pending
34,juniper,sector_evidence:0e3a84ab7034f2df933c93eb,Telecommunications / service providers,2026-09-30,outside_taxonomy,"Deutsche Telekom and ambifox are service-provider/channel deployments, not evidence of an end-buyer sector in this selector.",https://juniper.net/us/en/customers/deutsche-telekom-sdwan-case-study.html | https://juniper.net/us/en/customers/ambifox-case-study.html,False,False,pending
35,netskope,sector_evidence:e921c016515557b42b1597b2,Financial services,2026-09-30,verified_named,"CARE Ratings case confirms Netskope CASB, SWG and Private Access deployment at an Indian rating agency. SSE evidence, not proof of SD-WAN.",https://netskope.com/customers/care-ratings-case-study | https://compliance.netskope.com,True,False,pending
36,netskope,sector_evidence:185f1044ccf369e47b44f7d0,Professional services,2026-09-30,verified_named,JLL and MinterEllisonRuddWatts primary cases describe SSE/secure remote access in professional services. No UK delivery inference.,https://netskope.com/customers/jll-case-study | https://netskope.com/customers/merw-case-study,True,False,pending
37,cloudflare-one,sector_evidence:af5b4ada0a17bad1a76713d6,Government/public sector,2026-09-30,insufficient_source,"FedRAMP and public-sector product materials establish authorisation/product context, not the complete named customer deployment claim. Keep scope unresolved.",https://cloudflare.com/lp/federal/ | https://cf-assets.www.cloudflare.com/slt3lc6tev37/1tRmuTEMJEzTD6myTJJetU/7a047f2da5d255406b369e7f56f226e8/cloudflares-unique-fedramp-architecture-solution-brief.pdf | https://cloudflare.com/learning/privacy/what-is-fedramp/ | https://cloudflare.com/press/press-releases/2025/cloudflare-advances-public-sector-security-worldwide-fedramp-high/,False,False,pending
38,cloudflare-one,sector_evidence:6a858a2b71954503f39e1082,Professional services,2026-09-30,wrong_sector,Applied Systems is software for the insurance industry; it is not automatically a professional-services buyer. Generic SASE page cannot resolve the classification.,https://cloudflare.com/sase/,False,False,pending
39,opensystems,sector_evidence:f601524f58ba6105954909a0,Chemicals,2026-09-30,insufficient_source,Generic secondary directories do not substantiate a chemicals deployment. A separate ALTANA case is assessed separately.,https://cbinsights.com/compare/open-systems-vs-versa-networks | https://cxponent.com/directory/vendor/open-systems,False,False,pending
40,opensystems,sector_evidence:ef14e3d73cfc788d3bcde7fd,Logistics / multi-site global operations,2026-09-30,wrong_sector,"Open Systems labels ALTANA chemicals and documents SASE at 60-plus sites. Correct sector to manufacturing/chemicals, not logistics.",https://open-systems.com/company/customers/,True,False,pending
41,opensystems,sector_evidence:cab514dad5b6372559d4b50e,Manufacturing,2026-09-30,verified_named,Recovered Open Systems customer index identifies Mikron precision manufacturing using SASE. Does not prove every secondary-directory detail.,https://cxponent.com/directory/vendor/open-systems | https://www.open-systems.com/company/customers/,True,False,pending
42,opensystems,sector_evidence:4c3d714d9607e7ca6e531e41,Non-governmental organisations (NGOs),2026-09-30,outside_taxonomy,"Open Systems identifies SOS Childrens Villages SASE, but NGO is outside the current ten-sector selector. Preserve evidence without forcing it into government.",https://open-systems.com/company/customers/,False,False,pending
43,opensystems,sector_evidence:57629b43ddd4d8843dc202fb,Retail / consumer goods,2026-09-30,verified_named,"Mammut primary case describes SASE, branch breakouts, VPN and managed network operations for an outdoor retail brand.",https://open-systems.com/company/customers/mammut/,True,False,pending
44,lumen,sector_evidence:046e1b8af78d169d6fd3be36,Banking / financial services,2026-09-30,insufficient_source,"Horizon Bank general testimonial/case-index pointer does not, in this review, verify a scoped SD-WAN/SASE deployment. Do not silently upgrade from the quote.",https://lumen.com/en-us/resources/customer-success-stories.html,False,False,pending
45,lumen,sector_evidence:dd7839e2776c95979180167b,Healthcare,2026-09-30,adjacent_service,Savista testimonial confirms voice/network/security partnership but does not identify SD-WAN or SASE. Published endorsement is compensated.,https://lumen.com/en-us/resources/customer-success-stories.html | https://www.lumen.com/en-hk/resources/customer-stories/flux.html,False,False,pending
46,lumen,sector_evidence:290d27129fb7342b4117b0e8,Healthcare (telehealth-specific),2026-09-30,verified_named,Recovered Lumen testimonial identifies Valley Cities Behavioral Health Care replacing MPLS/SD-WAN with DIA and SASE. Correct anonymous attribution; compensated supplier-published endorsement.,https://lumen.com/en-us/resources/customer-success-stories.html | https://www.lumen.com/en-hk/resources/customer-stories/flux.html,True,False,pending
47,lumen,sector_evidence:41f86ba0ceb03c8200380037,Manufacturing,2026-09-30,planned_not_delivered,Berridge testimonial explicitly says SASE and EWAS will work together once implementation is complete. It is not evidence of a completed outcome.,https://lumen.com/en-us/resources/customer-success-stories.html | https://www.lumen.com/en-hk/resources/customer-stories/flux.html,True,False,pending
48,zscaler,sector_evidence:e210778f541f45ef424b07a1,Energy/utilities,2026-09-30,verified_named,NOV case documents ZIA/ZPA and zero-trust access for an energy-industry supplier. Do not infer utility-specific compliance or UK fit.,https://zscaler.com/customers/nov,True,False,pending
49,zscaler,sector_evidence:50c6472b30f92374ae3a117a,Government/public sector,2026-09-30,verified_named,"CSC is Australian Commonwealth Superannuation Corporation; ZIA/ZPA deployment confirmed. Government-pension context, not a blanket public-sector accreditation.",https://zscaler.com/customers/csc,True,False,pending
50,zscaler,sector_evidence:d8826292592031c9bb116f42,Manufacturing,2026-09-30,verified_named,Baker and Baker case documents ZIA/ZPA alongside a separately adopted SD-WAN. Manufacturing evidence; Zscaler is not identified as the SD-WAN provider.,https://zscaler.com/customers/baker-baker,True,False,pending
51,zscaler,sector_evidence:3c3eb5011725769d066e17fe,Professional services,2026-09-30,wrong_sector,Mindbody is a SaaS software business serving wellness firms. Its ZPA deployment does not establish professional-services or healthcare end-buyer sector evidence.,https://zscaler.com/customers/mindbody,True,False,pending
52,zscaler,sector_evidence:92c70b3a2f8b3ab50cade597,Retail,2026-09-30,verified_named,AutoNation confirms ZIA deployment across retail locations. Baker and Baker must not be counted as a second retail case; it is manufacturing.,https://zscaler.com/customers/baker-baker | https://zscaler.com/customers/autonation,True,False,pending
53,aryaka,sector_evidence:6e45feaeed9ff11e2296649d,Business and professional services,2026-09-30,insufficient_source,KAWO claim links to a broad application-performance resource archive; no matching attributable case established in this review.,https://aryaka.com/resources/category/application-performance/,False,False,pending
54,aryaka,sector_evidence:52733c303e46df527d76c623,Electronics/technology,2026-09-30,verified_anonymous,Aryaka publishes a TechValidate survey of an unnamed S&P500 electronics company using SD-WAN. Anonymous and supplier-hosted; map only as partial manufacturing evidence.,https://aryaka.com/case-study/electronics-company/,True,False,pending
55,aryaka,sector_evidence:d15e698d7b226d5214f1dd2a,Manufacturing,2026-09-30,verified_named,"Previously checked Albemarle manufacturing WAN case. Preserve historical case scope, not a current UK supplier commitment.",https://aryaka.com/case-study/albemarle/ | https://aryaka.com/case-study/global-manufacturing-company/ | https://aryaka.com/sase-reviews/,True,False,pending
56,aryaka,sector_evidence:8e684f700957dd564f8fe669,Transportation and logistics,2026-09-30,insufficient_source,General review/served-industry material cannot establish a transport deployment.,https://aryaka.com/sase-reviews/,False,False,pending
57,cato-networks,sector_evidence:21a084dce7bb898b21e4d2cc,Education,2026-09-30,insufficient_source,Generic Cato platform page does not substantiate the unnamed education quote as a retrievable sector case.,https://catonetworks.com/platform/,False,False,pending
58,cato-networks,sector_evidence:0a30fdb049a166817e42492b,Retail,2026-09-30,verified_named,Ulta Beauty primary case documents a SASE-led cloud SD-WAN transition and staged store rollout. Do not imply the three-year rollout is complete.,https://catonetworks.com/customers/ulta-beauty-reinvents-network-deliver-seamless-retail-experience/ | https://opkalla.com/case-studies/jewelry-retailer-finds-consistency...,True,False,pending
59,orangebusiness,sector_evidence:f110fcff098e63c18e7b593c,General large multinational enterprise (EMEA),2026-09-30,outside_taxonomy,"General enterprise is not a sector. Retain as corporate scope, not as industry evidence.",,False,False,pending
60,orangebusiness,sector_evidence:7e2b1a150d463a2030374ce0,Industrial / manufacturing / conglomerate,2026-09-30,verified_named,Recovered Orange Siemens release confirms Cisco-based Flexible SD-WAN at corporate locations. No manufacturing-OT suitability or UK quote inference.,https://www.orange-business.com/en/press/orange-business-services-delivers-flexible-sd-wan-siemens-worldwide-majority-corporate,True,False,pending
61,gtt,sector_evidence:bc49dd4fd0ab8a8cf5fe0fc1,Hospitality,2026-09-30,verified_named,"GTT Radisson release confirms selection and rollout of managed SASE/SD-WAN for hotels. This is an implementation announcement, not proof of all 800 hotels completed.",https://businesswire.com/news/home/20250318895249/en/Radisson-Hotel-Group-Selects-GTT-for-Global-SASE-Deployment | https://gtt.net/about-us/press-releases/radisson-hotel-group-selects-gtt-for-global-sase-deployment/,True,False,pending
62,palo-alto-prisma-sase,sector_evidence:ee9d7b6bb1918246d1393f1a,Manufacturing,2026-09-30,verified_named,"Colgate primary case explicitly identifies Prisma SD-WAN and Prisma Access at a manufacturer. Bimbo corroborates manufacturing security, not a separate logistics sector.",https://paloaltonetworks.com/customers/colgate-palmolive-powers-secure-manufacturing-with-palo-alto-networks | https://paloaltonetworks.com/customers/grupo-bimbo-protects-its-global-connected-supply-chain-with-palo-alto-networks,True,False,pending
63,palo-alto-prisma-sase,sector_evidence:17722c0584f68a62471d6f39,Retail,2026-09-30,verified_named,"Westfield primary case documents Prisma SASE for mall operations and retail access. Evidence relates to a mall operator, not every retail format.",https://paloaltonetworks.com/customers/westfield-responds-rapidly-to-a-changing-market-with-prisma-sase,True,False,pending
64,palo-alto-prisma-sase,sector_evidence:d852e36d3d3f5ff6cb6cc981,Transport/logistics,2026-09-30,wrong_sector,Grupo Bimbo is a bakery manufacturer. Its connected supply chain does not make it an independent transport/logistics customer.,https://paloaltonetworks.com/customers/grupo-bimbo-protects-its-global-connected-supply-chain-with-palo-alto-networks,True,False,pending
65,fortinet-fortisase,sector_evidence:867e848454339485526f8864,Education,2026-09-30,verified_anonymous,"Fortinet SASE customer-stories PDF page 10 documents an unnamed US school district with 375,000-plus users. Anonymous case only.",https://fortinet.com/blog/customer-stories | https://fortinet.com/content/dam/fortinet/assets/ebook/eb-sase-customer-stories.pdf,True,False,pending
66,fortinet-fortisase,sector_evidence:80e537865769481bc3785d1d,Energy/utilities,2026-09-30,adjacent_service,Unnamed power-grid SecOps reference linked to a general story index does not establish SASE/SD-WAN.,https://fortinet.com/blog/customer-stories,False,False,pending
67,fortinet-fortisase,sector_evidence:553eb4f3e902089cea444e6e,Healthcare/NHS,2026-09-30,insufficient_source,Guidance Centre reseller URL was not retrievable and no primary deployment record was established. Retain unresolved rather than assert non-support.,https://avfirewalls.com/case-study-the-guidance-centre.asp,False,False,pending
68,fortinet-fortisase,sector_evidence:541e45429b63a6eedb870ba3,Hospitality,2026-09-30,insufficient_source,"IHG was not found in the current linked SD-WAN customer-stories PDF. Generic customer index does not substantiate the claimed 4,000-site figure.",https://fortinet.com/customers | https://fortinet.com/content/dam/fortinet/assets/ebook/eb-sd-wan-customer-stories.pdf,False,False,pending
69,fortinet-fortisase,sector_evidence:9b63f081af2dfcb6b895e009,Transport/logistics,2026-09-30,insufficient_source,Generic airport/bank-ATM narrative links to customer index. Banking ATMs are not transport evidence; no attributable airport deployment established.,https://fortinet.com/blog/customer-stories,False,False,pending
70,bt,sector_evidence:fcd21911981b3f404cf1970a,Financial services,2026-09-30,verified_anonymous,Previously checked BT financial-services case: unnamed banking organisation using managed SD-WAN and Fortinet firewall.,https://business.bt.com/insights/case-studies/financial-services-sd-wan/ | https://business.bt.com/networks-digital-services/sd-wan-sase/sase/,True,False,pending
71,bt,sector_evidence:25fb9bddad56c8027543304a,Multi-national / global enterprise,2026-09-30,outside_taxonomy,Same BT banking case duplicated as global enterprise. General enterprise is not a buyer sector; do not double-count.,https://business.bt.com/insights/case-studies/financial-services-sd-wan/,False,False,pending
72,vodafone,sector_evidence:700c32a7ec842270578d7aea,Housing / property management,2026-09-30,outside_taxonomy,"Vodafone confirms Places for People SD-WAN across UK housing locations, but housing is outside the ten-sector selector. Preserve case and location evidence separately.",https://vodafone.co.uk/business/case-studies/places-for-people-and-sd-wan,True,False,pending
