provider,sector,stored_state,stored_strength,assessment_lead,linked_source_count,disposition,checked_primary_url
cisco,Government/public sector,unknown,strong,"Good fit, evidenced",3,needs_primary_source_adjudication,
cisco,Hospitality,unknown,strong,"Good fit, evidenced",1,primary_source_checked_sector_evidence_only,https://www.cisco.com/site/us/en/about/case-studies-customer-stories/mitchells-butlers.html
cisco,Manufacturing,unknown,strong,"Strong fit, evidenced",5,primary_source_checked_sector_evidence_only,https://www.cisco.com/c/dam/en/us/products/security/secure-access/customer-highlight-peco-foods.pdf
cisco,Professional services,unknown,strong,"Good fit, evidenced",1,needs_primary_source_adjudication,
ntt-data,Beverage / consumer goods manufacturing,unknown,strong,"Good fit, evidenced via a real, named customer reference",0,needs_primary_source_adjudication,
ntt-data,Retail,unknown,strong,"Strong fit, genuinely the best-evidenced sector in this entire profile",0,needs_primary_source_adjudication,
ntt-data,Utilities / critical infrastructure (water),unknown,strong,"Good fit, evidenced via a real, named customer reference with IoT-specific detail",0,needs_primary_source_adjudication,
barracuda-secureedge,"Managed service providers (as a channel, not an end-user sector)",unknown,strong,"Strong fit, extensively evidenced",1,needs_primary_source_adjudication,
checkpoint,Professional services,requires_confirmation,strong,"Unknown - not assessed, no case study found, though the platform's confirmed strong, independent review base spans real, named-role practitioners describing use across multiple industries generally",1,needs_primary_source_adjudication,
hpe-aruba-edgeconnect,Education,unknown,strong,"Good fit, evidenced",1,needs_primary_source_adjudication,
hpe-aruba-edgeconnect,Financial services,requires_confirmation,strong,"Conditional - one named customer reference exists, but no PCI-DSS or DORA-specific certification was confirmed for the SASE/SSE platform specifically",1,needs_primary_source_adjudication,
hpe-aruba-edgeconnect,Healthcare/NHS,requires_confirmation,strong,"Good fit, evidenced, though without a formal HIPAA attestation confirmed",3,needs_primary_source_adjudication,
hpe-aruba-edgeconnect,Hospitality,unknown,strong,"Good fit, evidenced",1,needs_primary_source_adjudication,
hpe-aruba-edgeconnect,Manufacturing,unknown,strong,"Good fit, evidenced",1,needs_primary_source_adjudication,
hpe-aruba-edgeconnect,Professional services,unknown,strong,"Good fit, evidenced, and genuinely the platform's best-documented individual case study",2,needs_primary_source_adjudication,
versa-networks,Energy/utilities,unknown,strong,"Good fit, evidenced",2,needs_primary_source_adjudication,
versa-networks,Manufacturing,unknown,strong,"Good fit, evidenced",1,needs_primary_source_adjudication,
versa-networks,Retail,unknown,strong,"Good fit, evidenced",3,needs_primary_source_adjudication,
sonicwall-cse,Insurance / insurance technology,unknown,strong,"Good fit, evidenced via a real, named customer reference",1,needs_primary_source_adjudication,
sonicwall-cse,Legal services / professional services,unknown,strong,"Strong fit, extensively evidenced",1,needs_primary_source_adjudication,
expereo,Manufacturing / industrial (building materials),unknown,strong,"Strong fit, genuinely the best-evidenced sector in this entire profile",0,needs_primary_source_adjudication,
expereo,"Manufacturing / industrial (building materials, second division)",unknown,strong,"Strong fit, evidenced via a second, distinct, real case study within the same corporate family",0,needs_primary_source_adjudication,
verizon,Federal government / public sector,unknown,strong,"Strong fit, extensively evidenced",1,needs_primary_source_adjudication,
verizon,Healthcare,unknown,strong,"Good fit, evidenced via a real (if anonymised) case study reference",1,needs_primary_source_adjudication,
verizon,Manufacturing,unknown,strong,"Good fit, evidenced via a real (if anonymised) case study",2,needs_primary_source_adjudication,
colt,Financial services,unknown,strong,"Good fit, evidenced via real, verbatim customer testimony",1,needs_primary_source_adjudication,
colt,Multinational / European enterprise (general),unknown,strong,"Strong fit, extensively evidenced",1,needs_primary_source_adjudication,
ericsson-cradlepoint,Manufacturing,unknown,strong,"Good fit, evidenced via technographic data",1,needs_primary_source_adjudication,
ericsson-cradlepoint,Public safety and government,unknown,strong,"Strong fit, extensively evidenced",3,needs_primary_source_adjudication,
ericsson-cradlepoint,Retail / hospitality,unknown,strong,"Good fit, evidenced via technographic data",1,needs_primary_source_adjudication,
ericsson-cradlepoint,Transportation and logistics,unknown,strong,"Strong fit, evidenced",2,needs_primary_source_adjudication,
ericsson-cradlepoint,Utilities,unknown,strong,"Conditional - evidenced via a single, smaller technographic reference",1,needs_primary_source_adjudication,
juniper,Agriculture,unknown,strong,"Conditional - one named, though thinly-detailed, case reference exists",1,needs_primary_source_adjudication,
juniper,Telecommunications / service providers,unknown,strong,"Strong fit, extensively evidenced",2,needs_primary_source_adjudication,
netskope,Financial services,unknown,strong,"Good fit, evidenced",2,needs_primary_source_adjudication,
netskope,Professional services,unknown,strong,"Good fit, evidenced",2,needs_primary_source_adjudication,
cloudflare-one,Government/public sector,unknown,strong,"Strong fit, extensively evidenced",4,needs_primary_source_adjudication,
cloudflare-one,Professional services,unknown,strong,"Conditional - one named, if thinly detailed, case reference exists",1,needs_primary_source_adjudication,
opensystems,Chemicals,unknown,strong,"Good fit, evidenced at a general level",2,needs_primary_source_adjudication,
opensystems,Logistics / multi-site global operations,unknown,strong,"Strong fit, evidenced via a real, named, quantified customer example",1,needs_primary_source_adjudication,
opensystems,Manufacturing,unknown,strong,"Strong fit, extensively evidenced",1,needs_primary_source_adjudication,
opensystems,Non-governmental organisations (NGOs),unknown,strong,"Strong fit, extensively evidenced",1,needs_primary_source_adjudication,
opensystems,Retail / consumer goods,unknown,strong,"Good fit, evidenced via a real, named, well-known customer",1,needs_primary_source_adjudication,
lumen,Banking / financial services,unknown,strong,"Strong fit, evidenced via a real, named individual testimonial",1,needs_primary_source_adjudication,
lumen,Healthcare,unknown,strong,"Good fit, evidenced via a real, named company testimonial",1,needs_primary_source_adjudication,
lumen,Healthcare (telehealth-specific),unknown,strong,"Good fit, evidenced via a real, though not individually-named, customer account",1,needs_primary_source_adjudication,
lumen,Manufacturing,unknown,strong,"Strong fit, evidenced via a real, named individual testimonial",1,needs_primary_source_adjudication,
zscaler,Energy/utilities,unknown,strong,Conditional fit,1,needs_primary_source_adjudication,
zscaler,Government/public sector,unknown,strong,"Strong fit, extensively evidenced",1,needs_primary_source_adjudication,
zscaler,Manufacturing,unknown,strong,Conditional fit,1,needs_primary_source_adjudication,
zscaler,Professional services,unknown,strong,Conditional fit,1,needs_primary_source_adjudication,
zscaler,Retail,unknown,strong,"Good fit, evidenced",2,needs_primary_source_adjudication,
aryaka,Business and professional services,unknown,strong,"Good fit, evidenced via a real, if smaller-scale, named customer example",1,needs_primary_source_adjudication,
aryaka,Electronics/technology,unknown,strong,"Good fit, evidenced via a credible, independently-sourced (if anonymised) case study",1,needs_primary_source_adjudication,
aryaka,Manufacturing,unknown,strong,"Strong fit, extensively evidenced",3,primary_source_checked_sector_evidence_only,https://www.aryaka.com/case-study/albemarle/
aryaka,Transportation and logistics,unknown,strong,"Good fit, evidenced at a general level",1,needs_primary_source_adjudication,
cato-networks,Education,unknown,strong,"Referenced in a customer quote ('reorganize our entire security portfolio... for our students, professors, and administrators')",1,needs_primary_source_adjudication,
cato-networks,Retail,unknown,strong,Strong fit (best-evidenced sector),2,needs_primary_source_adjudication,
orangebusiness,General large multinational enterprise (EMEA),unknown,strong,"Strong fit, evidenced directly",0,needs_primary_source_adjudication,
orangebusiness,Industrial / manufacturing / conglomerate,unknown,strong,"Strong fit, genuinely the best-evidenced sector in this entire profile",0,needs_primary_source_adjudication,
gtt,Hospitality,unknown,strong,"Strong fit, genuinely the best-evidenced sector in this entire profile",2,needs_primary_source_adjudication,
palo-alto-prisma-sase,Manufacturing,unknown,strong,"Strong fit, extensively evidenced",2,needs_primary_source_adjudication,
palo-alto-prisma-sase,Retail,unknown,strong,"Good fit, evidenced",1,needs_primary_source_adjudication,
palo-alto-prisma-sase,Transport/logistics,partially_supported,strong,"Partially evidenced via Grupo Bimbo's supply-chain framing, though the company is more accurately categorised as manufacturing than transport/logistics specifically",1,needs_primary_source_adjudication,
fortinet-fortisase,Education,unknown,strong,"Strong fit, evidenced",2,needs_primary_source_adjudication,
fortinet-fortisase,Energy/utilities,unknown,strong,"Unknown - not assessed in detail, though Fortinet's own customer-story index references a power grid operator by category (not named) deploying a Fortinet SecOps solution for zero-day protection and IT/OT convergence",1,needs_primary_source_adjudication,
fortinet-fortisase,Healthcare/NHS,not_supported,strong,"Conditional - one named customer's specific HIPAA-adjacent compliance outcome (California Department of Health Care Services) is evidenced, but no formal, general Fortinet HIPAA attestation was found",1,needs_primary_source_adjudication,
fortinet-fortisase,Hospitality,unknown,strong,"Strong fit, evidenced",2,needs_primary_source_adjudication,
fortinet-fortisase,Transport/logistics,not_supported,strong,"Unknown - not assessed, no case study found in this pass, though Fortinet's own customer-story index separately references an airport operator and a major bank's remote-ATM/5G deployment",1,needs_primary_source_adjudication,
bt,Financial services,unknown,strong,"Strong fit, extensively evidenced",2,primary_source_checked_sector_evidence_only,https://business.bt.com/insights/case-studies/financial-services-sd-wan/
bt,Multi-national / global enterprise,unknown,strong,"Good fit, evidenced via a real, detailed case study describing exactly this scenario",1,needs_primary_source_adjudication,
vodafone,Housing / property management,unknown,strong,"Strong fit, evidenced via a real, named case study",1,needs_primary_source_adjudication,
